序号,链接,节点数
0,https://9oBCF5.absslk.xyz/a0144daf91b3b446ee62c7d27a371b5a,0
1,https://gist.githubusercontent.com/peasoft/40b87245630092f30cc98af61190b4e2/raw/,10
2,https://raw.githubusercontent.com/Alvin9999/pac2/master/clash.meta2/1/config.yaml,0
3,https://raw.githubusercontent.com/Alvin9999/pac2/master/clash.meta2/13/config.yaml,0
4,https://raw.githubusercontent.com/Alvin9999/pac2/master/clash.meta2/15/config.yaml,0
5,https://raw.githubusercontent.com/Alvin9999/pac2/master/clash.meta2/2/config.yaml,0
6,https://raw.githubusercontent.com/Alvin9999/pac2/master/clash.meta2/config.yaml,0
7,https://raw.githubusercontent.com/Huibq/TrojanLinks/master/links/vmess,0
8,https://raw.githubusercontent.com/Misaka-blog/chromego_merge/refs/heads/main/sub/merged_proxies_new.yaml,0
9,https://raw.githubusercontent.com/Surfboardv2ray/TGParse/main/python/hy2,0
10,https://raw.githubusercontent.com/Surfboardv2ray/TGParse/main/python/hysteria2,1
11,https://raw.githubusercontent.com/ripaojiedian/freenode/main/clash,14
12,https://raw.githubusercontent.com/ripaojiedian/freenode/main/sub,14
13,https://raw.githubusercontent.com/zhangkaiitugithub/passcro/main/speednodes.yaml,54
14,https://s29YUQ.mcsslk.xyz/221b4a93236c22865c11d6ff3000ffb2,0

总计,,81
